                  epoch,         train/box_loss,         train/cls_loss,         train/dfl_loss,   metrics/precision(B),      metrics/recall(B),       metrics/mAP50(B),    metrics/mAP50-95(B),           val/box_loss,           val/cls_loss,           val/dfl_loss,                 lr/pg0,                 lr/pg1,                 lr/pg2
                      0,                 2.2996,                 3.9173,                 2.1754,                 0.7911,                 0.2875,                0.28455,                0.14615,                 2.0847,                 3.6778,                 1.8359,                 0.0892,                 0.0012,                 0.0012
                      1,                 1.8834,                 2.1798,                 1.8008,                0.44181,                0.55745,                0.48748,                0.25181,                 1.6494,                 2.4765,                 1.5502,               0.077005,               0.002005,               0.002005
                      2,                  1.728,                 1.8208,                 1.6664,                0.70169,                0.63333,                0.66648,                0.35285,                 1.6847,                 1.8472,                 1.5853,               0.064295,              0.0022952,              0.0022952
                      3,                 1.5763,                 1.4199,                 1.5034,                0.72592,                0.65833,                0.69152,                0.35161,                 1.7093,                 1.6767,                 1.6046,               0.051071,              0.0020706,              0.0020706
                      4,                 1.5466,                 1.3697,                 1.5357,                0.85941,                0.62409,                0.72022,                 0.3496,                 1.7549,                 1.5649,                 1.6087,               0.037331,              0.0013312,              0.0013312
